Grade Level,Category,Item,Status,Priority,Notes
Grade 6-8 (Middle),Assessment Flow,RIASEC Questions,âœ… Complete,High,Interest explorer working
Grade 6-8 (Middle),Assessment Flow,Character Strengths,âœ… Complete,High,Big Five assessment working
Grade 6-8 (Middle),Assessment Flow,Learning Preferences,âœ… Complete,Medium,Knowledge questions working
Grade 6-8 (Middle),Assessment Flow,Adaptive Aptitude,âŒ Not Available,Low,Not required for middle school
Grade 6-8 (Middle),AI Analysis,Grade Context,âœ… Fixed,High,Now passes actual grade to AI
Grade 6-8 (Middle),AI Analysis,Age-Appropriate Recommendations,âœ… Fixed,High,Uses middle school prompt
Grade 6-8 (Middle),Report Display,Career Recommendations,âœ… Working,High,Shows exploration-focused careers
Grade 6-8 (Middle),Report Display,Program Recommendations,âœ… Correct,High,Hidden for middle school (correct behavior)
Grade 6-8 (Middle),Database,student_context field,âš ï¸ Check,Medium,Verify grade is stored in attempts table
Grade 6-8 (Middle),Database,grade_level field,âœ… Working,High,Correctly set to 'middle'

Grade 9-10 (High School),Assessment Flow,RIASEC Questions,âœ… Complete,High,Interest explorer working
Grade 9-10 (High School),Assessment Flow,Character Strengths,âœ… Complete,High,Big Five assessment working
Grade 9-10 (High School),Assessment Flow,Learning Preferences,âœ… Complete,Medium,Knowledge questions working
Grade 9-10 (High School),Assessment Flow,Aptitude Sampling,âœ… Complete,Medium,Self-assessment working
Grade 9-10 (High School),Assessment Flow,Adaptive Aptitude,âœ… Complete,High,50-question adaptive test working
Grade 9-10 (High School),AI Analysis,Grade Context,âœ… Fixed,Critical,Now passes actual grade (9 or 10) to AI
Grade 9-10 (High School),AI Analysis,Age-Appropriate Recommendations,âœ… Fixed,Critical,Prompt now differentiates 9-10 from 11-12
Grade 9-10 (High School),AI Analysis,Prompt Instructions,âœ… Fixed,Critical,Added explicit instructions for grade 9-10 vs 11-12
Grade 9-10 (High School),Report Display,Career Recommendations,âœ… Working,High,Shows stream selection focus
Grade 9-10 (High School),Report Display,Program Recommendations,âœ… Correct,High,Hidden for grade 9-10 (correct behavior)
Grade 9-10 (High School),Database,student_context field,âœ… Fixed,High,Now fetched for all students including grade 9-10
Grade 9-10 (High School),Database,grade_level field,âœ… Working,High,Correctly set to 'highschool'
Grade 9-10 (High School),Session Ownership,Submit Answer Bug,âœ… Fixed,Critical,Fixed student_id vs user_id comparison
Grade 9-10 (High School),Session Ownership,Complete Test Bug,âœ… Fixed,Critical,Fixed ownership verification
Grade 9-10 (High School),Session Ownership,Abandon Session Bug,âœ… Fixed,Critical,Fixed ownership verification
Grade 9-10 (High School),Session Ownership,Get Results Bug,âœ… Fixed,Critical,Fixed ownership verification

Grade 11-12 (Higher Secondary),Assessment Flow,RIASEC Questions,âœ… Complete,High,Interest explorer working
Grade 11-12 (Higher Secondary),Assessment Flow,Character Strengths,âœ… Complete,High,Big Five assessment working
Grade 11-12 (Higher Secondary),Assessment Flow,Learning Preferences,âœ… Complete,Medium,Stream-specific questions working
Grade 11-12 (Higher Secondary),Assessment Flow,Aptitude Sampling,âœ… Complete,Medium,Self-assessment working
Grade 11-12 (Higher Secondary),Assessment Flow,Adaptive Aptitude,âœ… Complete,High,50-question adaptive test working
Grade 11-12 (Higher Secondary),AI Analysis,Grade Context,âœ… Fixed,High,Passes grade with stream info
Grade 11-12 (Higher Secondary),AI Analysis,Stream Context,âœ… Working,High,Includes Science/Commerce/Arts in context
Grade 11-12 (Higher Secondary),AI Analysis,Age-Appropriate Recommendations,âœ… Fixed,Critical,Shows college programs and entrance exams
Grade 11-12 (Higher Secondary),Report Display,Career Recommendations,âœ… Working,High,Shows detailed career paths
Grade 11-12 (Higher Secondary),Report Display,Program Recommendations,âš ï¸ Conditional,Medium,Shows only if 6+ months in grade 11
Grade 11-12 (Higher Secondary),Database,student_context field,âœ… Working,High,Includes stream selection
Grade 11-12 (Higher Secondary),Database,grade_level field,âœ… Working,High,Correctly set to 'higher_secondary'

After 12th/College,Assessment Flow,RIASEC Questions,âœ… Complete,High,Interest explorer working
After 12th/College,Assessment Flow,Character Strengths,âœ… Complete,High,Big Five assessment working
After 12th/College,Assessment Flow,Learning Preferences,âœ… Complete,Medium,Program-specific questions working
After 12th/College,Assessment Flow,Aptitude Sampling,âœ… Complete,Medium,Self-assessment working
After 12th/College,Assessment Flow,Adaptive Aptitude,âœ… Complete,High,50-question adaptive test working
After 12th/College,AI Analysis,Grade Context,âœ… Working,High,Includes program and degree level
After 12th/College,AI Analysis,Program Context,âœ… Working,High,Includes course name and branch
After 12th/College,AI Analysis,Prompt Selection,âœ… Working,High,Uses college prompt
After 12th/College,Report Display,Career Recommendations,âœ… Working,High,Shows industry-specific careers
After 12th/College,Report Display,Program Recommendations,âœ… Working,High,Shows degree programs
After 12th/College,Database,student_context field,âœ… Working,High,Includes full academic data
After 12th/College,Database,grade_level field,âœ… Working,High,Correctly set to 'after12' or 'college'

All Grades,Debug Panel,Assessment Flow Tab,âœ… Complete,Medium,Shows all 8 stages
All Grades,Debug Panel,Database Tab,âœ… Complete,Medium,Shows all table fields
All Grades,Debug Panel,Input Data Tab,âœ… Complete,Low,Shows raw answers
All Grades,Debug Panel,Student Context Tab,âœ… Complete,High,Shows grade mapping
All Grades,Debug Panel,Adaptive Results Tab,âœ… Complete,Medium,Shows aptitude breakdown
All Grades,Debug Panel,AI Output Tab,âœ… Complete,Medium,Shows AI response
All Grades,Debug Panel,Question Counts,âœ… Fixed,High,Now shows actual counts
All Grades,Debug Panel,Verification Checklist,âœ… Fixed,High,Now detects data correctly
All Grades,Debug Panel,Access Method,âœ… Working,Medium,Add ?debug=true to URL

Testing Required,Grade 9 Student,Complete Assessment,âš ï¸ Test Needed,Critical,Verify grade 9 gets appropriate recommendations
Testing Required,Grade 9 Student,Report Content,âš ï¸ Test Needed,Critical,Verify no college programs shown
Testing Required,Grade 9 Student,AI Prompt,âš ï¸ Test Needed,Critical,Verify prompt says grade 9 and focuses on exploration
Testing Required,Grade 10 Student,Complete Assessment,âš ï¸ Test Needed,High,Verify grade 10 recommendations
Testing Required,Grade 11 Student,Complete Assessment,âš ï¸ Test Needed,High,Verify stream-based recommendations
Testing Required,Grade 12 Student,Complete Assessment,âš ï¸ Test Needed,High,Verify college program recommendations
Testing Required,All Grades,Debug Panel Data,âš ï¸ Test Needed,High,Verify all fields populate correctly
Testing Required,All Grades,Database Storage,âš ï¸ Test Needed,High,Verify student_context is saved
Testing Required,All Grades,Adaptive Test,âš ï¸ Test Needed,Critical,Verify 403 error is fixed

Known Issues,All Grades,None Currently,âœ… All Fixed,N/A,All reported issues have been resolved

Recommendations,Development,Add Logging,ğŸ“‹ Recommended,Low,Add more console logs for debugging
Recommendations,Development,Error Tracking,ğŸ“‹ Recommended,Medium,Track AI analysis failures
Recommendations,Testing,Automated Tests,ğŸ“‹ Recommended,Medium,Add tests for grade-specific logic
Recommendations,Testing,E2E Tests,ğŸ“‹ Recommended,Low,Test complete assessment flow
Recommendations,Documentation,Grade Mapping,ğŸ“‹ Recommended,Low,Document grade level logic
Recommendations,Documentation,Prompt Selection,ğŸ“‹ Recommended,Low,Document which prompt is used when
